MYear,Com_Name
2021/6,Squirrel_Cuckoo
2021/6,White-rumped_Swallow
2021/6,White-rumped_Swallow
2021/6,White-rumped_Swallow
2021/6,Guira_Cuckoo
2021/6,Guira_Cuckoo
2021/6,Guira_Cuckoo
2021/6,Guira_Cuckoo
2021/6,Guira_Cuckoo
2021/6,Guira_Cuckoo
2021/6,Guira_Cuckoo
2021/6,Smooth_billed_Ani
2021/6,Smooth_billed_Ani
2021/6,Smooth_billed_Ani
2021/6,Smooth_billed_Ani
2021/6,Smooth_billed_Ani
2021/6,Smooth_billed_Ani
2021/6,Smooth_billed_Ani
2021/6,Smooth_billed_Ani
2021/6,Smooth_billed_Ani
2021/6,Smooth_billed_Ani
2021/6,Smooth_billed_Ani
2021/6,Smooth_billed_Ani
2021/6,Smooth_billed_Ani
2021/6,Smooth_billed_Ani
2021/6,Smooth_billed_Ani
2021/6,Smooth_billed_Ani
2021/6,Smooth_billed_Ani
2021/6,Smooth_billed_Ani
2021/6,Smooth_billed_Ani
2021/7,Smooth_billed_Ani
2021/7,Smooth_billed_Ani
2021/7,Smooth_billed_Ani
2021/7,Smooth_billed_Ani
2021/7,Smooth_billed_Ani
2021/7,Smooth_billed_Ani
2021/7,Smooth_billed_Ani
2021/7,Smooth_billed_Ani
2021/7,Smooth_billed_Ani
2021/7,Smooth_billed_Ani
2021/7,Smooth_billed_Ani
2021/7,Smooth_billed_Ani
2021/7,Smooth_billed_Ani
2021/7,Smooth_billed_Ani
2021/7,Smooth_billed_Ani
2021/7,Smooth_billed_Ani
2021/7,Smooth_billed_Ani
2021/7,Smooth_billed_Ani
2021/7,Smooth_billed_Ani
2021/7,Smooth_billed_Ani
2021/7,Smooth_billed_Ani
2021/7,Smooth_billed_Ani
2021/7,Smooth_billed_Ani
2021/7,Smooth_billed_Ani
2021/7,Smooth_billed_Ani
2021/7,Smooth_billed_Ani
2021/7,Chaco_Chachalaca
2021/7,Chaco_Chachalaca
2021/7,Chaco_Chachalaca
2021/7,Chaco_Chachalaca
2021/7,Chaco_Chachalaca
2021/7,Chaco_Chachalaca
2021/7,Chaco_Chachalaca
2021/7,Chaco_Chachalaca
2021/7,Chaco_Chachalaca
2021/7,Chaco_Chachalaca
2021/7,Chaco_Chachalaca
2021/7,Chaco_Chachalaca
2021/7,Narrow-billed_Woodcreeper
2021/7,Narrow-billed_Woodcreeper
2021/7,Great Rufous_Woodcreeper
2021/7,Great Rufous_Woodcreeper
2021/7,Great Rufous_Woodcreeper
2021/7,Great Rufous_Woodcreeper
2021/7,Great Rufous_Woodcreeper
2021/7,Hyacinth_Macaw
2021/7,Hyacinth_Macaw
2021/7,Hyacinth_Macaw
2021/7,Hyacinth_Macaw
2021/7,Blue-and-yellow_Macaw
2021/7,Blue-and-yellow_Macaw
2021/7,Blue-and-yellow_Macaw
2021/7,Blue-and-yellow_Macaw
2021/7,Blue-and-yellow_Macaw
2021/8,Blue-and-yellow_Macaw
2021/8,Blue-and-yellow_Macaw
2021/8,Blue-and-yellow_Macaw
2021/8,Blue-and-yellow_Macaw
2021/8,Blue-and-yellow_Macaw
2021/8,Blue-and-yellow_Macaw
2021/8,Blue-and-yellow_Macaw
2021/8,Blue-and-yellow_Macaw
2021/8,Blue-and-yellow_Macaw
2021/8,Blue-and-yellow_Macaw
2021/8,Blue-and-yellow_Macaw
2021/8,Blue-and-yellow_Macaw
2021/8,Blue-and-yellow_Macaw
2021/8,Blue-and-yellow_Macaw
2021/8,Blue-and-yellow_Macaw
2021/8,Blue-and-yellow_Macaw
2021/8,Blue-and-yellow_Macaw
2021/8,Blue-and-yellow_Macaw
2021/8,Blue-and-yellow_Macaw
2021/8,Blue-and-yellow_Macaw
2021/9,Blue-and-yellow_Macaw
2021/9,Blue-and-yellow_Macaw
2021/9,Blue-and-yellow_Macaw
2021/9,Blue-and-yellow_Macaw
2021/9,Blue-and-yellow_Macaw
2021/9,Blue-and-yellow_Macaw
2021/9,Blue-and-yellow_Macaw
2021/9,Blue-and-yellow_Macaw
2021/9,Blue-and-yellow_Macaw
2021/9,Blue-and-yellow_Macaw
2021/9,Blue-and-yellow_Macaw
2021/9,Blue-and-yellow_Macaw
2021/9,Red-and-green_Macaw
2021/9,Red-and-green_Macaw
2021/9,Red-and-green_Macaw
2021/9,Red-and-green_Macaw
2021/9,Red-and-green_Macaw
2021/9,Red-and-green_Macaw
2021/9,Red-and-green_Macaw
2021/9,Red-and-green_Macaw
2021/9,Red-and-green_Macaw
2021/9,Red-and-green_Macaw
2021/9,Red-and-green_Macaw
2021/9,Red-and-green_Macaw
2021/9,Red-and-green_Macaw
2021/9,Swallow-tailed_Hummingbird
2021/9,Swallow-tailed_Hummingbird
2021/9,Swallow-tailed_Hummingbird
2021/9,Swallow-tailed_Hummingbird
2021/9,Swallow-tailed_Hummingbird
2021/9,Swallow-tailed_Hummingbird
2021/9,Swallow-tailed_Hummingbird
2021/9,Swallow-tailed_Hummingbird
2021/9,Great_Kiskadee
2021/9,Great_Kiskadee
2021/9,Great_Kiskadee
2021/9,Great_Kiskadee
2021/9,Great_Kiskadee
2021/9,Great_Kiskadee
2021/9,Great_Kiskadee
2021/9,Great_Kiskadee
2021/9,Great_Kiskadee
2021/9,Great_Kiskadee
2021/10,Great_Kiskadee
2021/10,Great_Kiskadee
2021/10,Great_Kiskadee
2021/10,Great_Kiskadee
2021/10,Great_Kiskadee
2021/10,Great_Kiskadee
2021/10,Great_Kiskadee
2021/10,Great_Kiskadee
2021/10,Great_Kiskadee
2021/10,Great_Kiskadee
2021/10,Great_Kiskadee
2021/10,Great_Kiskadee
2021/10,Great_Kiskadee
2021/10,Great_Kiskadee
2021/10,Great_Kiskadee
2021/10,Great_Kiskadee
2021/10,Great_Kiskadee
2021/10,Great_Kiskadee
2021/10,Great_Kiskadee
2021/10,Great_Kiskadee
2021/10,Great_Kiskadee
2021/10,Great_Kiskadee
2021/10,Great_Kiskadee
2021/10,Great_Kiskadee
2021/10,Great_Kiskadee
2021/10,Great_Kiskadee
2021/10,Great_Kiskadee
2021/10,Great_Kiskadee
2021/10,Great_Kiskadee
2021/10,Great_Kiskadee
2021/10,Great_Kiskadee
2021/10,Great_Kiskadee
2021/10,Great_Kiskadee
2021/10,Great_Kiskadee
2021/11,Great_Kiskadee
2021/11,Great_Kiskadee
2021/11,Great_Kiskadee
2021/11,Great_Kiskadee
2021/11,Great_Kiskadee
2021/11,Great_Kiskadee
2021/11,Great_Kiskadee
2021/11,Great_Kiskadee
2021/11,Great_Kiskadee
2021/11,Great_Kiskadee
2021/11,Great_Kiskadee
2021/11,Great_Kiskadee
2021/11,Great_Kiskadee
2021/11,Great_Kiskadee
2021/11,Great_Kiskadee
2021/11,Great_Kiskadee
2021/11,Great_Kiskadee
2021/11,Great_Kiskadee
2021/11,Great_Kiskadee
2021/11,Great_Kiskadee
2021/11,Great_Kiskadee
2021/11,Great_Kiskadee
2021/11,Great_Kiskadee
2021/11,Great_Kiskadee
2021/11,Great_Kiskadee
2021/11,Great_Kiskadee
2021/11,Great_Kiskadee
2021/12,Great_Kiskadee
2021/12,Great_Kiskadee
2021/12,Great_Kiskadee
2021/12,Great_Kiskadee
2021/12,Great_Kiskadee
2021/12,Great_Kiskadee
2021/12,Great_Kiskadee
2021/12,Great_Kiskadee
2021/12,Great_Kiskadee
2021/12,Great_Kiskadee
2021/12,Great_Kiskadee
2021/12,Great_Kiskadee
2021/12,Great_Kiskadee
2021/12,Great_Kiskadee
2021/12,Great_Kiskadee
2021/12,Great_Kiskadee
2022/1,Great_Kiskadee
2022/1,Great_Kiskadee
2022/1,Great_Kiskadee
2022/1,Great_Kiskadee
2022/1,Great_Kiskadee
2022/2,Great_Kiskadee
2022/2,Great_Kiskadee
2022/2,Great_Kiskadee
2022/2,Great_Kiskadee
2022/2,Great_Kiskadee
2022/2,Great_Kiskadee
2022/2,Great_Kiskadee
2022/2,Great_Kiskadee
2022/2,Great_Kiskadee
2022/2,Great_Kiskadee
2022/2,Great_Kiskadee
2022/2,Great_Kiskadee
2022/2,Great_Kiskadee
2022/2,Great_Kiskadee
2022/2,Great_Kiskadee
2022/2,Great_Kiskadee
2022/2,Great_Kiskadee
2022/2,Great_Kiskadee
2022/2,Great_Kiskadee
2022/2,Great_Kiskadee
2022/2,Great_Kiskadee
2022/2,Great_Kiskadee
2022/2,Great_Kiskadee
2022/2,Great_Kiskadee
2022/2,Great_Kiskadee
2022/2,Great_Kiskadee
2022/2,Great_Kiskadee
2022/2,Great_Kiskadee
2022/2,Great_Kiskadee
2022/2,Great_Kiskadee
2022/2,Great_Kiskadee
2022/2,Great_Kiskadee
2022/2,Great_Kiskadee
2022/3,Great_Kiskadee
2022/3,Great_Kiskadee
2022/3,Great_Kiskadee
2022/3,Great_Kiskadee
2022/3,Great_Kiskadee
2022/3,Great_Kiskadee
2022/3,Great_Kiskadee
2022/3,Great_Kiskadee
2022/3,Great_Kiskadee
2022/3,Great_Kiskadee
2022/3,Great_Kiskadee
2022/3,Great_Kiskadee
2022/3,Great_Kiskadee
2022/3,Great_Kiskadee
2022/3,Great_Kiskadee
2022/3,Great_Kiskadee
2022/4,Great_Kiskadee
2022/4,Great_Kiskadee
2022/4,Great_Kiskadee
2022/4,Great_Kiskadee
2022/4,Great_Kiskadee
2022/4,Great_Kiskadee
2022/4,Great_Kiskadee
2022/4,Great_Kiskadee
2022/4,Great_Kiskadee
2022/4,Great_Kiskadee
2022/4,Great_Kiskadee
2022/4,Great_Kiskadee
2022/4,Great_Kiskadee
2022/4,Great_Kiskadee
2022/4,Great_Kiskadee
2022/4,Great_Kiskadee
2022/4,Great_Kiskadee
2022/4,Great_Kiskadee
2022/4,Great_Kiskadee
2022/4,Great_Kiskadee
2022/5,Great_Kiskadee
2022/5,Great_Kiskadee
2022/5,Great_Kiskadee
2022/5,Great_Kiskadee
2022/5,Great_Kiskadee
2022/5,Great_Kiskadee
2022/5,Great_Kiskadee
2022/5,Great_Kiskadee
2022/5,Great_Kiskadee
2022/5,Great_Kiskadee
2022/5,Great_Kiskadee
2022/5,Great_Kiskadee
2022/5,Great_Kiskadee
2022/5,Great_Kiskadee
2022/5,Great_Kiskadee
2022/5,Great_Kiskadee
2022/5,Great_Kiskadee
2022/5,Great_Kiskadee
2022/5,Great_Kiskadee
2022/5,Great_Kiskadee
2022/5,Great_Kiskadee
2022/5,Great_Kiskadee
2022/5,Great_Kiskadee
2022/5,Great_Kiskadee
2022/5,Great_Kiskadee
2022/5,Great_Kiskadee
2022/5,Great_Kiskadee
2022/5,Great_Kiskadee
2022/5,Streaked_Flycatcher
2022/5,Streaked_Flycatcher
2022/5,Lined_Seedeater
2022/5,Lined_Seedeater
2022/5,Neotropic_Cormorant
2022/5,Neotropic_Cormorant
2022/5,Neotropic_Cormorant
2022/5,Neotropic_Cormorant
2022/5,Neotropic_Cormorant
2022/5,black_howler
2022/5,black_howler
2022/5,black_howler
2022/5,black_howler
2022/5,black_howler
2021/6,black_howler
2021/6,Saffron_Finch
2021/6,Saffron_Finch
2021/6,Saffron_Finch
2021/6,Saffron_Finch
2021/6,Saffron_Finch
2021/6,Saffron_Finch
2021/6,Saffron_Finch
2021/6,Saffron_Finch
2021/6,Saffron_Finch
2021/6,Saffron_Finch
2021/6,Saffron_Finch
2021/6,Saffron_Finch
2021/6,Saffron_Finch
2021/6,Saffron_Finch
2021/6,Saffron_Finch
2021/6,Saffron_Finch
2021/6,Saffron_Finch
2021/9,Saffron_Finch
2021/7,Capybara
2021/6,Capybara
2021/6,Capybara
2021/6,Capybara
2021/6,Capybara
2021/6,Capybara
2021/6,Capybara
2021/6,Capybara
2021/6,Capybara
2021/6,Capybara
2021/7,Capybara
2021/7,Capybara
2021/7,Capybara
2021/7,Capybara
2021/7,Capybara
2021/7,Capybara
2021/7,Capybara
2021/7,Capybara
2021/7,Capybara
2021/7,Capybara
2021/7,Capybara
2021/7,Capybara
2021/7,Capybara
2021/7,Capybara
2021/7,Capybara
2021/7,Capybara
2021/7,Capybara
2021/7,Capybara
2021/7,Capybara
2021/7,Capybara
2021/7,Capybara
2021/7,Capybara
2021/7,Capybara
2021/7,Capybara
2021/7,Capybara
2021/7,Capybara
2021/7,Capybara
2021/7,Capybara
2021/7,Capybara
2021/7,Capybara
2021/8,Capybara
2021/8,Capybara
2021/8,Limpkin
2021/8,Limpkin
2021/8,Limpkin
2021/8,Limpkin
2021/8,Limpkin
2021/8,Limpkin
2021/8,Limpkin
2021/8,Crested_Caracara
2021/8,Crested_Caracara
2021/8,Crested_Caracara
2021/8,Red-cowled_Cardinal
2021/8,Red-cowled_Cardinal
2021/8,Yellow-billed_Cardinal
2021/8,Yellow-billed_Cardinal
2021/8,Yellow-billed_Cardinal
2021/8,Yellow-billed_Cardinal
2021/8,Yellow-billed_Cardinal
2021/8,Screaming_Cowbird
2021/8,Screaming_Cowbird
2021/9,Roseate_Spoonbill
2021/9,Roseate_Spoonbill
2021/9,Roseate_Spoonbill
2021/9,Roseate_Spoonbill
2021/9,Buff-necked_Ibis
2021/9,Buff-necked_Ibis
2021/9,Buff-necked_Ibis
2021/9,Buff-necked_Ibis
2021/9,Buff-necked_Ibis
2021/9,Buff-necked_Ibis
2021/9,Buff-necked_Ibis
2021/9,Buff-necked_Ibis
2021/9,Buff-necked_Ibis
2021/10,Buff-necked_Ibis
2021/10,Buff-necked_Ibis
2021/10,Buff-necked_Ibis
2021/10,Buff-necked_Ibis
2021/10,Buff-necked_Ibis
2021/10,Buff-necked_Ibis
2021/10,Buff-necked_Ibis
2021/10,Buff-necked_Ibis
2021/10,Buff-necked_Ibis
2021/10,Buff-necked_Ibis
2021/10,Buff-necked_Ibis
2021/10,Buff-necked_Ibis
2021/10,Buff-necked_Ibis
2021/10,Buff-necked_Ibis
2021/10,Buff-necked_Ibis
2021/10,Buff-necked_Ibis
2021/10,Theristicus_caudatus
2021/10,Theristicus_caudatus
2021/10,Buff-necked_Ibis
2021/10,Buff-necked_Ibis
2021/10,Buff-necked_Ibis
2021/10,Plumbeous_Ibis
2021/10,Plumbeous_Ibis
2021/10,Azaras_Agouti
2021/10,Azaras_Agouti
2021/12,Azaras_Agouti
2021/12,Azaras_Agouti
2021/12,Azaras_Agouti
2021/12,Azaras_Agouti
2021/12,Azaras_Agouti
2021/12,Azaras_Agouti
2021/12,Azaras_Agouti
2021/12,Azaras_Agouti
2021/12,Azaras_Agouti
2021/12,Azaras_Agouti
2021/12,Azaras_Agouti
2021/12,Azaras_Agouti
2021/12,Azaras_Agouti
2021/12,Azaras_Agouti
2021/12,Azaras_Agouti
2021/12,Azaras_Agouti
2021/12,Black-bellied_Whistling-Duck
2021/12,White-headed_Marsh_Tyrant
2021/12,White-headed_Marsh_Tyrant
2021/12,White-headed_Marsh_Tyrant
2021/12,White-headed_Marsh_Tyrant
2021/12,White-headed_Marsh_Tyrant
2021/12,White-headed_Marsh_Tyrant
2021/12,White-headed_Marsh_Tyrant
2021/12,White-headed_Marsh_Tyrant
2021/12,White-headed_Marsh_Tyrant
2021/12,White-headed_Marsh_Tyrant
2021/12,White-headed_Marsh_Tyrant
2021/12,White-headed_Marsh_Tyrant
2021/12,White-headed_Marsh_Tyrant
2021/12,White-headed_Marsh_Tyrant
2021/12,White-headed_Marsh_Tyrant
2021/12,White-headed_Marsh_Tyrant
2021/12,White-headed_Marsh_Tyrant
2021/12,White-headed_Marsh_Tyrant
2021/12,White-headed_Marsh_Tyrant
2021/12,Great_Egret
2021/12,Great_Egret
2021/12,Great_Egret
2021/12,Great_Egret
2021/12,Great_Egret
2021/12,Great_Egret
2021/12,Great_Egret
2021/12,Great_Egret
2021/12,Great_Egret
2021/12,Great_Egret
2021/12,Great_Egret
2021/12,Great_Egret
2021/12,Great_Egret
2021/12,Great_Egret
2021/12,Great_Egret
2021/12,Great_Egret
2021/12,Great_Egret
2021/12,Great_Egret
2021/12,Great_Egret
2021/12,Great_Egret
2021/12,Great_Egret
2021/12,Great_Egret
2021/12,Great_Egret
2021/12,Great_Egret
2021/12,Great_Egret
2021/12,Great_Egret
2021/12,Great_Egret
2021/12,Great_Egret
2021/12,Great_Egret
2021/12,Great_Egret
2021/12,Great_Egret
2021/12,Great_Egret
2021/12,Great_Egret
2021/12,Great_Egret
2022/1,Great_Egret
2022/1,Great_Egret
2022/1,Great_Egret
2022/1,Great_Egret
2022/1,Snowy_Egret
2022/1,Cocoi_Heron
2022/1,Cocoi_Heron
2022/1,Savanna_Hawk
2022/1,Snail_Kite
2022/1,Snail_Kite
2022/1,Snail_Kite
2022/1,Snail_Kite
2022/1,Snail_Kite
2022/1,Snail_Kite
2022/1,Snail_Kite
2022/1,Snail_Kite
2022/1,Snail_Kite
2022/1,Great_Black_Hawk
2022/1,Giant_Cowbird
2022/1,Giant_Cowbird
2022/1,Giant_Cowbird
2022/1,Giant_Cowbird
2022/1,Giant_Cowbird
2022/2,Giant_Cowbird
2022/2,Giant_Cowbird
2022/2,Giant_Cowbird
2022/2,Giant_Cowbird
2022/2,Giant_Cowbird
2022/2,Wattled_Jacana
2022/2,Wattled_Jacana
2022/2,Wattled_Jacana
2022/2,Wattled_Jacana
2022/2,Wattled_Jacana
2022/2,Wattled_Jacana
2022/2,Wattled_Jacana
2022/2,Wattled_Jacana
2022/2,Wattled_Jacana
2022/2,Wattled_Jacana
2022/2,Wattled_Jacana
2022/2,Wattled_Jacana
2022/2,Wattled_Jacana
2022/2,Wattled_Jacana
2022/2,Wattled_Jacana
2022/2,Wattled_Jacana
2022/2,Wattled_Jacana
2022/2,Wattled_Jacana
2022/2,Wattled_Jacana
2022/2,Wattled_Jacana
2022/2,Wattled_Jacana
2022/2,Wattled_Jacana
2022/2,Wattled_Jacana
2022/2,Wattled_Jacana
2022/2,Wattled_Jacana
2022/2,Wattled_Jacana
2022/2,Wattled_Jacana
2022/2,Wattled_Jacana
2022/2,Wattled_Jacana
2022/2,Wattled_Jacana
2022/2,Wattled_Jacana
2022/2,Wattled_Jacana
2022/2,Wattled_Jacana
2022/2,Wattled_Jacana
2022/2,Wattled_Jacana
2022/2,Wattled_Jacana
2022/2,Wattled_Jacana
2022/2,Wattled_Jacana
2022/2,Wattled_Jacana
2022/2,Wattled_Jacana
2022/3,Wattled_Jacana
2022/3,Wattled_Jacana
2022/3,Wattled_Jacana
2022/3,Wattled_Jacana
2022/3,Wattled_Jacana
2022/3,Wattled_Jacana
2022/3,Wattled_Jacana
2022/3,Wattled_Jacana
2022/3,Wattled_Jacana
2022/3,Wattled_Jacana
2022/3,Wattled_Jacana
2022/3,Wattled_Jacana
2022/3,Wattled_Jacana
2022/3,Wattled_Jacana
2022/3,Wattled_Jacana
2022/3,Wattled_Jacana
2022/3,Wattled_Jacana
2022/3,Wattled_Jacana
2022/3,Wattled_Jacana
2022/3,Wattled_Jacana
2022/3,Wattled_Jacana
2022/4,Wattled_Jacana
2022/4,Wattled_Jacana
2022/4,Wattled_Jacana
2022/4,Wattled_Jacana
2022/4,Wattled_Jacana
2022/4,Wattled_Jacana
2022/4,Wattled_Jacana
2022/4,Wattled_Jacana
2022/4,Wattled_Jacana
2022/4,Wattled_Jacana
2022/4,Wattled_Jacana
2022/4,Wattled_Jacana
2022/4,Wattled_Jacana
2022/4,Wattled_Jacana
2022/4,Wattled_Jacana
2022/4,Wattled_Jacana
2022/4,Wattled_Jacana
2022/4,Wattled_Jacana
2022/4,Wattled_Jacana
2022/4,Wattled_Jacana
2022/4,Wattled_Jacana
2022/4,Wattled_Jacana
2022/4,Wattled_Jacana
2022/4,Wattled_Jacana
2022/4,Wattled_Jacana
2022/4,Wattled_Jacana
2022/4,Wattled_Jacana
2022/4,Wattled_Jacana
2022/4,Wattled_Jacana
2022/4,Wattled_Jacana
2022/4,Wattled_Jacana
2022/4,Wattled_Jacana
2022/4,Wattled_Jacana
2022/4,Wattled_Jacana
2022/4,Wattled_Jacana
2022/4,Wattled_Jacana
2022/4,Wattled_Jacana
2022/4,Wattled_Jacana
2022/4,Wattled_Jacana
2022/4,Wattled_Jacana
2022/4,Wattled_Jacana
2022/4,Wattled_Jacana
2022/4,Wattled_Jacana
2022/4,Wattled_Jacana
2022/5,Wattled_Jacana
2022/5,Wattled_Jacana
2022/5,Wattled_Jacana
2022/5,Wattled_Jacana
2022/5,Wattled_Jacana
2022/5,Wattled_Jacana
2022/5,Wattled_Jacana
2022/5,Wattled_Jacana
2022/5,Wattled_Jacana
2022/5,Wattled_Jacana
2022/5,Wattled_Jacana
2022/5,Wattled_Jacana
2022/5,Wattled_Jacana
2022/5,Wattled_Jacana
2022/5,Wattled_Jacana
2022/5,Wattled_Jacana
2022/5,Wattled_Jacana
2022/5,Wattled_Jacana
2022/5,Wattled_Jacana
2021/6,Wattled_Jacana
2021/6,Wattled_Jacana
2021/6,Wattled_Jacana
2021/6,Wattled_Jacana
2021/6,Wattled_Jacana
2021/6,Wattled_Jacana
2021/6,Wattled_Jacana
2021/6,Wattled_Jacana
2021/6,Wattled_Jacana
2021/6,Wattled_Jacana
2021/6,Wattled_Jacana
2021/6,Wattled_Jacana
2021/6,Wattled_Jacana
2021/6,Wattled_Jacana
2021/6,Wattled_Jacana
2021/6,Wattled_Jacana
2021/6,Wattled_Jacana
2021/6,Wattled_Jacana
2021/6,Wattled_Jacana
2021/6,Wattled_Jacana
2021/6,Wattled_Jacana
2021/6,Wattled_Jacana
2021/6,Wattled_Jacana
2021/6,Wattled_Jacana
2021/6,Wattled_Jacana
2021/6,Wattled_Jacana
2021/6,Wattled_Jacana
2021/6,Wattled_Jacana
2021/6,Wattled_Jacana
2021/6,Wattled_Jacana
2021/6,Wattled_Jacana
2021/6,Wattled_Jacana
2021/6,Wattled_Jacana
2021/6,Wattled_Jacana
2021/6,Wattled_Jacana
2021/6,Wattled_Jacana
2021/6,Wattled_Jacana
2021/6,Wattled_Jacana
2021/6,Wattled_Jacana
2021/6,Wattled_Jacana
2021/6,Wattled_Jacana
2021/6,Wattled_Jacana
2021/6,Wattled_Jacana
2021/6,Wattled_Jacana
2021/6,Wattled_Jacana
2021/6,Wattled_Jacana
2021/6,Wattled_Jacana
2021/6,Wattled_Jacana
2021/6,Wattled_Jacana
2021/6,Wattled_Jacana
2021/6,Wattled_Jacana
2021/6,Wattled_Jacana
2021/6,Wattled_Jacana
2021/6,Wattled_Jacana
2021/6,Wattled_Jacana
2021/6,Wattled_Jacana
2021/6,Wattled_Jacana
2021/6,Wattled_Jacana
2021/6,Wattled_Jacana
2021/6,Wattled_Jacana
2021/6,Wattled_Jacana
2021/6,Wattled_Jacana
2021/6,Wattled_Jacana
2021/6,Wattled_Jacana
2021/6,Wattled_Jacana
2021/6,Wattled_Jacana
2021/6,Wattled_Jacana
2021/6,Wattled_Jacana
2021/7,Wattled_Jacana
2021/7,Wattled_Jacana
2021/7,Wattled_Jacana
2021/7,Wattled_Jacana
2021/7,Wattled_Jacana
2021/7,Wattled_Jacana
2021/7,Wattled_Jacana
2021/7,Wattled_Jacana
2021/7,Wattled_Jacana
2021/7,Wattled_Jacana
2021/7,Wattled_Jacana
2021/7,Wattled_Jacana
2021/7,Wattled_Jacana
2021/7,Wattled_Jacana
2021/7,Wattled_Jacana
2021/7,Wattled_Jacana
2021/7,Wattled_Jacana
2021/7,Wattled_Jacana
2021/7,Wattled_Jacana
2021/7,Wattled_Jacana
2021/7,Wattled_Jacana
2021/7,Wattled_Jacana
2021/7,Wattled_Jacana
2021/7,Wattled_Jacana
2021/7,Wattled_Jacana
2021/7,Wattled_Jacana
2021/7,Wattled_Jacana
2021/7,Wattled_Jacana
2021/7,Wattled_Jacana
2021/7,Wattled_Jacana
2021/7,Wattled_Jacana
2021/7,Wattled_Jacana
2021/7,Wattled_Jacana
2021/7,Wattled_Jacana
2021/7,Wattled_Jacana
2021/7,Wattled_Jacana
2021/7,Wattled_Jacana
2021/7,Wattled_Jacana
2021/7,Wattled_Jacana
2021/7,Wattled_Jacana
2021/7,Wattled_Jacana
2021/7,Wattled_Jacana
2021/7,Wattled_Jacana
2021/7,Wattled_Jacana
2021/7,Wattled_Jacana
2021/7,Wattled_Jacana
2021/7,Wattled_Jacana
2021/7,Wattled_Jacana
2021/7,Wattled_Jacana
2021/7,Wattled_Jacana
2021/7,Wattled_Jacana
2021/7,Wattled_Jacana
2021/7,Wattled_Jacana
2021/7,Wattled_Jacana
2021/7,Wattled_Jacana
2021/7,Wattled_Jacana
2021/7,Wattled_Jacana
2021/7,Wattled_Jacana
2021/7,Wattled_Jacana
2021/7,Wattled_Jacana
2021/7,Wattled_Jacana
2021/7,Wattled_Jacana
2021/7,Wattled_Jacana
2021/7,Swamp_alligator
2021/7,Swamp_alligator
2021/7,Swamp_alligator
2021/7,Swamp_alligator
2021/7,Swamp_alligator
2021/7,Swamp_alligator
2021/7,Swamp_alligator
2021/7,Swamp_alligator
2021/7,Swamp_alligator
2021/7,Swamp_alligator
2021/7,Swamp_alligator
2021/7,Swamp_alligator
2021/8,Swamp_alligator
2021/8,Swamp_alligator
2021/8,Swamp_alligator
2021/8,Swamp_alligator
2021/8,Swamp_alligator
2021/8,Swamp_alligator
2021/8,Swamp_alligator
2021/8,Swamp_alligator
2021/8,Swamp_alligator
2021/8,Swamp_alligator
2021/8,Swamp_alligator
2021/8,Swamp_alligator
2021/8,Swamp_alligator
2021/8,Swamp_alligator
2021/8,Swamp_alligator
2021/8,Swamp_alligator
2021/8,Rufous_Hornero
2021/8,Rufous_Hornero
2021/8,Rufous_Hornero
2021/8,Rufous_Hornero
2021/8,Rufous_Hornero
2021/8,Rufous_Hornero
2021/8,Rufous_Hornero
2021/8,Rufous_Hornero
2021/8,Rufous_Hornero
2021/8,Rufous_Hornero
2021/8,Rufous_Hornero
2021/8,Rufous_Hornero
2021/8,Rufous_Hornero
2021/8,Rufous_Hornero
2021/8,Rufous_Hornero
2021/8,Rufous_Hornero
2021/8,Rufous_Hornero
2021/8,Rufous_Hornero
2021/8,Rufous_Hornero
2021/8,Rufous_Hornero
2021/8,Rufous_Hornero
2021/8,Rufous_Hornero
2021/8,Rufous_Hornero
2021/8,Rufous_Hornero
2021/8,Rufous_Hornero
2021/8,Rufous_Hornero
2021/8,Rufous_Hornero
2021/8,Rufous_Hornero
2021/8,Rufous_Hornero
2021/8,Rufous_Hornero
2021/8,Rufous_Hornero
2021/8,Rufous_Hornero
2021/8,Rufous_Hornero
2021/8,Rufous_Hornero
2021/8,Rufous_Hornero
2021/8,Rufous_Hornero
2021/8,Rufous_Hornero
2021/8,Rufous_Hornero
2021/8,Rufous_Hornero
2021/8,Rufous_Hornero
2021/8,Rufous_Hornero
2021/8,Rufous_Hornero
2021/8,Rufous_Hornero
2021/8,Rufous_Hornero
2021/8,Rufous_Hornero
2021/8,Rufous_Hornero
2021/8,Rufous_Hornero
2021/8,Rufous_Hornero
2021/8,Rufous_Hornero
2021/8,Rufous_Hornero
2021/8,Rufous_Hornero
2021/9,Rufous_Hornero
2021/9,Rufous_Hornero
2021/9,Rufous_Hornero
2021/9,Rufous_Hornero
2021/9,Rufous_Hornero
2021/9,Rufous_Hornero
2021/9,Rufous_Hornero
2021/9,Rufous_Hornero
2021/9,Rufous_Hornero
2021/9,Rufous_Hornero
2021/9,Rufous_Hornero
2021/9,Rufous_Hornero
2021/9,Rufous_Hornero
2021/9,Rufous_Hornero
2021/9,Rufous_Hornero
2021/9,Rufous_Hornero
2021/9,Rufous_Hornero
2021/9,Rufous_Hornero
2021/9,Rufous_Hornero
2021/9,Rufous_Hornero
2021/9,Rufous_Hornero
2021/9,Rufous_Hornero
2021/9,Rufous_Hornero
2021/10,Rufous_Hornero
2021/10,Rufous_Hornero
2021/10,Rufous_Hornero
2021/10,Rufous_Hornero
2021/10,Rufous_Hornero
2021/10,Rufous_Hornero
2021/10,Rufous_Hornero
2021/10,Rufous_Hornero
2021/10,Rufous_Hornero
2021/10,Rufous_Hornero
2021/10,Rufous_Hornero
2021/10,Rufous_Hornero
2021/10,Rufous_Hornero
2021/10,Rufous_Hornero
2021/10,Rufous_Hornero
2021/10,Rufous_Hornero
2021/10,Rufous_Hornero
2021/10,Rufous_Hornero
2021/10,Rufous_Hornero
2021/10,Rufous_Hornero
2021/10,Rufous_Hornero
2021/10,Rufous_Hornero
2021/10,Rufous_Hornero
2021/10,Rufous_Hornero
2021/10,Rufous_Hornero
2021/10,Rufous_Hornero
2021/10,Rufous_Hornero
2021/10,Rufous_Hornero
2021/10,Rufous_Hornero
2021/10,Rufous_Hornero
2021/10,Rufous_Hornero
2021/10,Rufous_Hornero
2021/10,Rufous_Hornero
2021/10,Rufous_Hornero
2021/10,Rufous_Hornero
2021/10,Rufous_Hornero
2021/10,Rufous_Hornero
2021/10,Rufous_Hornero
2021/10,Rufous_Hornero
2021/10,Rufous_Hornero
2021/10,Rufous_Hornero
2021/10,Rufous_Hornero
2021/10,Rufous_Hornero
2021/10,Rufous_Hornero
2021/10,Rufous_Hornero
2021/10,Rufous_Hornero
2021/10,Rufous_Hornero
2021/10,Rufous_Hornero
2021/10,Rufous_Hornero
2021/10,Rufous_Hornero
2021/10,Rufous_Hornero
2021/10,Rufous_Hornero
2021/10,Rufous_Hornero
2021/10,Rufous_Hornero
2021/10,Rufous_Hornero
2021/10,Rufous_Hornero
2021/10,Rufous_Hornero
2021/10,Rufous_Hornero
2021/10,Rufous_Hornero
2021/10,Rufous_Hornero
2021/10,Rufous_Hornero
2021/10,Rufous_Hornero
2021/10,Rufous_Hornero
2021/10,Rufous_Hornero
2021/10,Rufous_Hornero
2021/10,Rufous_Hornero
2021/10,Rufous_Hornero
2021/10,Rufous_Hornero
2021/10,Rufous_Hornero
2021/10,Rufous_Hornero
2021/10,Rufous_Hornero
2021/10,Rufous_Hornero
2021/10,Rufous_Hornero
2021/10,Rufous_Hornero
2021/10,Rufous_Hornero
2021/10,Rufous_Hornero
2021/10,Rufous_Hornero
2021/10,Rufous_Hornero
2021/10,Rufous_Hornero
2021/10,Rufous_Hornero
2021/10,Rufous_Hornero
2021/10,Rufous_Hornero
2021/10,Rufous_Hornero
2021/10,Rufous_Hornero
2021/10,Rufous_Hornero
2021/10,Rufous_Hornero
2021/10,Rufous_Hornero
2021/10,Rufous_Hornero
2021/10,Rufous_Hornero
2021/10,Rufous_Hornero
2021/10,Rufous_Hornero
2021/10,Rufous_Hornero
2021/10,Rufous_Hornero
2021/10,Rufous_Hornero
2021/10,Rufous_Hornero
2021/10,Rufous_Hornero
2021/10,Rufous_Hornero
2021/11,Rufous_Hornero
2021/11,Rufous_Hornero
2021/11,Rufous_Hornero
2021/11,Rufous_Hornero
2021/11,Rufous_Hornero
2021/11,Rufous_Hornero
2021/11,Rufous_Hornero
2021/11,Rufous_Hornero
2021/11,Rufous_Hornero
2021/11,Rufous_Hornero
2021/11,Rufous_Hornero
2021/11,Rufous_Hornero
2021/11,Rufous_Hornero
2021/11,Rufous_Hornero
2021/11,Rufous_Hornero
2021/11,Rufous_Hornero
2021/11,Rufous_Hornero
2021/11,Rufous_Hornero
2021/11,Rufous_Hornero
2021/11,Rufous_Hornero
2021/11,Rufous_Hornero
2021/11,Rufous_Hornero
2021/11,Rufous_Hornero
2021/11,Rufous_Hornero
2021/11,Rufous_Hornero
2021/11,Rufous_Hornero
2021/11,Rufous_Hornero
2021/11,Rufous_Hornero
2021/11,Rufous_Hornero
2021/11,Rufous_Hornero
2021/11,Rufous_Hornero
2021/11,Rufous_Hornero
2021/11,Rufous_Hornero
2021/11,Rufous_Hornero
2021/11,Rufous_Hornero
2021/11,Rufous_Hornero
2021/11,Rufous_Hornero
2021/11,Rufous_Hornero
2021/11,Rufous_Hornero
2021/11,Rufous_Hornero
2021/11,Rufous_Hornero
2021/11,Rufous_Hornero
2021/11,Rufous_Hornero
2021/11,Rufous_Hornero
2021/11,Rufous_Hornero
2021/11,Rufous_Hornero
2021/11,Rufous_Hornero
2021/11,Rufous_Hornero
2021/11,Rufous_Hornero
2021/11,Rufous_Hornero
2021/11,Rufous_Hornero
2021/11,Rufous_Hornero
2021/11,Rufous_Hornero
2021/11,Rufous_Hornero
2021/11,Rufous_Hornero
2021/11,Rufous_Hornero
2021/11,Rufous_Hornero
2021/11,Rufous_Hornero
2021/11,Rufous_Hornero
2021/11,Rufous_Hornero
2021/11,Rufous_Hornero
2021/11,Rufous_Hornero
2021/12,Rufous_Hornero
2021/12,Rufous_Hornero
2021/12,Rufous_Hornero
2021/12,Rufous_Hornero
2021/12,Rufous_Hornero
2021/12,Rufous_Hornero
2021/12,Rufous_Hornero
2021/12,Rufous_Hornero
2021/12,Rufous_Hornero
2021/12,Rufous_Hornero
2021/12,Rufous_Hornero
2021/12,Rufous_Hornero
2021/12,Rufous_Hornero
2021/12,Rufous_Hornero
2021/12,Rufous_Hornero
2021/12,Rufous_Hornero
2021/12,Rufous_Hornero
2021/12,Rufous_Hornero
2021/12,Rufous_Hornero
2021/12,Rufous_Hornero
2021/12,Rufous_Hornero
2021/12,Rufous_Hornero
2021/12,Rufous_Hornero
2021/12,Rufous_Hornero
2021/12,Rufous_Hornero
2021/12,Rufous_Hornero
2021/12,Rufous_Hornero
2021/12,Rufous_Hornero
2021/12,Rufous_Hornero
2021/12,Rufous_Hornero
2021/12,Rufous_Hornero
2021/12,Rufous_Hornero
2021/12,Rufous_Hornero
2021/12,Rufous_Hornero
2021/12,Rufous_Hornero
2021/12,Rufous_Hornero
2021/12,Rufous_Hornero
2021/12,Rufous_Hornero
2021/12,Rufous_Hornero
2021/12,Rufous_Hornero
2021/12,Rufous_Hornero
2021/12,Rufous_Hornero
2021/12,Rufous_Hornero
2021/12,Rufous_Hornero
2021/12,Rufous_Hornero
2021/12,Rufous_Hornero
2021/12,Rufous_Hornero
2021/12,Rufous_Hornero
2021/12,Rufous_Hornero
2021/12,Rufous_Hornero
2021/12,Rufous_Hornero
2021/12,Rufous_Hornero
2021/12,Rufous_Hornero
2021/12,Rufous_Hornero
2021/12,Rufous_Hornero
2021/12,Rufous_Hornero
2021/12,Rufous_Hornero
2021/12,Rufous_Hornero
2021/12,Rufous_Hornero
2021/12,Rufous_Hornero
2021/12,Rufous_Hornero
2021/12,Rufous_Hornero
2021/12,Rufous_Hornero
2021/12,Rufous_Hornero
2021/12,Rufous_Hornero
2021/12,Rufous_Hornero
2021/12,Rufous_Hornero
2021/12,Rufous_Hornero
2021/12,Rufous_Hornero
2021/12,Rufous_Hornero
2021/12,Rufous_Hornero
2021/12,Rufous_Hornero
2021/12,Rufous_Hornero
2021/12,Rufous_Hornero
2021/12,Rufous_Hornero
2021/12,Rufous_Hornero
2021/12,Rufous_Hornero
2021/12,Rufous_Hornero
2021/12,Rufous_Hornero
2021/12,Orange-backed_Troupial
2021/12,Orange-backed_Troupial
2021/12,Orange-backed_Troupial
2021/12,Orange-backed_Troupial
2021/12,Orange-backed_Troupial
2021/12,Orange-backed_Troupial
2021/12,Orange-backed_Troupial
2021/12,Orange-backed_Troupial
2021/12,Orange-backed_Troupial
2021/12,Orange-backed_Troupial
2021/12,Orange-backed_Troupial
2021/12,White-tipped_Dove
2021/12,White-tipped_Dove
2021/12,White-tipped_Dove
2021/12,White-tipped_Dove
2021/12,White-tipped_Dove
2021/12,White-tipped_Dove
2021/12,White-tipped_Dove
2021/12,White-tipped_Dove
2021/12,White-tipped_Dove
2021/12,White-tipped_Dove
2021/12,White-tipped_Dove
2021/12,White-tipped_Dove
2021/12,White-tipped_Dove
2021/12,White-tipped_Dove
2021/12,White-tipped_Dove
2021/12,White-tipped_Dove
2021/12,White-tipped_Dove
2021/12,White-tipped_Dove
2021/12,White-tipped_Dove
2021/12,White-tipped_Dove
2021/12,White-tipped_Dove
2021/12,White-tipped_Dove
2021/12,White-tipped_Dove
2021/12,White-tipped_Dove
2021/12,White-tipped_Dove
2021/12,White-tipped_Dove
2021/12,White-tipped_Dove
2021/12,White-tipped_Dove
2021/12,White-tipped_Dove
2021/12,White-tipped_Dove
2021/12,White-tipped_Dove
2021/12,White-tipped_Dove
2022/1,White-tipped_Dove
2022/1,White-tipped_Dove
2022/1,White-tipped_Dove
2022/1,White-tipped_Dove
2022/1,White-tipped_Dove
2022/1,White-tipped_Dove
2022/1,White-tipped_Dove
2022/1,White-tipped_Dove
2022/1,White-tipped_Dove
2022/1,White-tipped_Dove
2022/1,White-tipped_Dove
2022/1,White-tipped_Dove
2022/1,White-tipped_Dove
2022/1,White-tipped_Dove
2022/1,White-tipped_Dove
2022/1,White-tipped_Dove
2022/1,White-tipped_Dove
2022/1,White-tipped_Dove
2022/1,White-tipped_Dove
2022/1,White-tipped_Dove
2022/1,White-tipped_Dove
2022/1,White-tipped_Dove
2022/1,White-tipped_Dove
2022/1,White-tipped_Dove
2022/1,White-tipped_Dove
2022/1,White-tipped_Dove
2022/1,White-tipped_Dove
2022/1,White-tipped_Dove
2022/1,White-tipped_Dove
2022/1,White-tipped_Dove
2022/1,White-tipped_Dove
2022/1,White-tipped_Dove
2022/2,White-tipped_Dove
2022/2,White-tipped_Dove
2022/2,White-tipped_Dove
2022/2,White-tipped_Dove
2022/2,White-tipped_Dove
2022/2,White-tipped_Dove
2022/2,White-tipped_Dove
2022/2,White-tipped_Dove
2022/2,White-tipped_Dove
2022/2,White-tipped_Dove
2022/2,White-tipped_Dove
2022/2,White-tipped_Dove
2022/2,White-tipped_Dove
2022/2,White-tipped_Dove
2022/2,White-tipped_Dove
2022/2,White-tipped_Dove
2022/2,White-tipped_Dove
2022/2,White-tipped_Dove
2022/2,White-tipped_Dove
2022/2,White-tipped_Dove
2022/2,White-tipped_Dove
2022/2,White-tipped_Dove
2022/2,White-tipped_Dove
2022/2,White-tipped_Dove
2022/2,White-tipped_Dove
2022/2,White-tipped_Dove
2022/2,White-tipped_Dove
2022/2,White-tipped_Dove
2022/2,White-tipped_Dove
2022/2,White-tipped_Dove
2022/2,White-tipped_Dove
2022/2,White-tipped_Dove
2022/2,White-tipped_Dove
2022/2,White-tipped_Dove
2022/2,White-tipped_Dove
2022/2,White-tipped_Dove
2022/2,White-tipped_Dove
2022/2,White-tipped_Dove
2022/2,White-tipped_Dove
2022/2,White-tipped_Dove
2022/2,White-tipped_Dove
2022/2,White-tipped_Dove
2022/2,White-tipped_Dove
2022/2,White-tipped_Dove
2022/2,White-tipped_Dove
2022/2,White-tipped_Dove
2022/2,White-tipped_Dove
2022/2,White-tipped_Dove
2022/2,White-tipped_Dove
2022/2,White-tipped_Dove
2022/2,White-tipped_Dove
2022/2,White-tipped_Dove
2022/2,White-tipped_Dove
2022/2,White-tipped_Dove
2022/2,White-tipped_Dove
2022/2,White-tipped_Dove
2022/2,White-tipped_Dove
2022/2,White-tipped_Dove
2022/2,White-tipped_Dove
2022/2,White-tipped_Dove
2022/2,White-tipped_Dove
2022/2,White-tipped_Dove
2022/2,White-tipped_Dove
2022/2,White-tipped_Dove
2022/2,White-tipped_Dove
2022/2,White-tipped_Dove
2022/2,White-tipped_Dove
2022/2,White-tipped_Dove
2022/2,White-tipped_Dove
2022/3,White-tipped_Dove
2022/3,White-tipped_Dove
2022/3,White-tipped_Dove
2022/3,White-tipped_Dove
2022/3,White-tipped_Dove
2022/3,White-tipped_Dove
2022/3,White-tipped_Dove
2022/3,White-tipped_Dove
2022/3,White-tipped_Dove
2022/3,White-tipped_Dove
2022/3,White-tipped_Dove
2022/3,White-tipped_Dove
2022/3,White-tipped_Dove
2022/3,White-tipped_Dove
2022/3,White-tipped_Dove
2022/3,White-tipped_Dove
2022/3,White-tipped_Dove
2022/3,White-tipped_Dove
2022/3,White-tipped_Dove
2022/3,White-tipped_Dove
2022/3,White-tipped_Dove
2022/3,White-tipped_Dove
2022/3,White-tipped_Dove
2022/3,White-tipped_Dove
2022/3,White-tipped_Dove
2022/3,White-tipped_Dove
2022/3,White-tipped_Dove
2022/3,White-tipped_Dove
2022/3,White-tipped_Dove
2022/3,White-tipped_Dove
2022/3,White-tipped_Dove
2022/3,White-tipped_Dove
2022/3,White-tipped_Dove
2022/3,White-tipped_Dove
2022/3,White-tipped_Dove
2022/3,White-tipped_Dove
2022/3,White-tipped_Dove
2022/3,White-tipped_Dove
2022/3,White-tipped_Dove
2022/3,White-tipped_Dove
2022/3,White-tipped_Dove
2022/3,White-tipped_Dove
2022/3,White-tipped_Dove
2022/4,White-tipped_Dove
2022/4,White-tipped_Dove
2022/4,White-tipped_Dove
2022/4,White-tipped_Dove
2022/4,White-tipped_Dove
2022/4,White-tipped_Dove
2022/4,White-tipped_Dove
2022/4,White-tipped_Dove
2022/4,White-tipped_Dove
2022/4,Black-backed-Water-Tyrant
2022/4,Maguari_Stork
2022/4,Yellow-collared_Macaw
2022/4,Yellow-collared_Macaw
2022/4,Brown-crested_Flycatcher
2022/4,Whistling_Heron
2022/4,Whistling_Heron
2022/4,Black-bellied_Whistling-Duck
2022/4,Black-bellied_Whistling-Duck
2022/4,Black-bellied_Whistling-Duck
2022/4,Black-bellied_Whistling-Duck
2022/4,Black-bellied_Whistling-Duck
2022/4,Black-bellied_Whistling-Duck
2022/4,Black-bellied_Whistling-Duck
2022/4,Black-bellied_Whistling-Duck
2022/4,Black-bellied_Whistling-Duck
2022/4,Black-bellied_Whistling-Duck
2022/4,Black-bellied_Whistling-Duck
2022/5,Black-bellied_Whistling-Duck
2022/5,Black-bellied_Whistling-Duck
2022/5,Black-bellied_Whistling-Duck
2022/5,Black-bellied_Whistling-Duck
2022/5,Black-bellied_Whistling-Duck
2022/5,Black-bellied_Whistling-Duck
2022/5,Black-bellied_Whistling-Duck
2022/5,Black-bellied_Whistling-Duck
2022/5,Black-bellied_Whistling-Duck
2022/5,Black-bellied_Whistling-Duck
2022/5,Black-bellied_Whistling-Duck
2022/5,Black-bellied_Whistling-Duck
2022/5,Black-bellied_Whistling-Duck
2022/5,Black-bellied_Whistling-Duck
2022/5,Black-bellied_Whistling-Duck
2022/5,Black-bellied_Whistling-Duck
2022/5,Black-bellied_Whistling-Duck
2022/5,Black-bellied_Whistling-Duck
2022/5,Black-bellied_Whistling-Duck
2022/5,Black-bellied_Whistling-Duck
2022/5,Black-bellied_Whistling-Duck
2022/5,Black-bellied_Whistling-Duck
2022/5,Black-bellied_Whistling-Duck
2022/5,Black-bellied_Whistling-Duck
2022/5,Black-bellied_Whistling-Duck
2022/5,Black-bellied_Whistling-Duck
2022/5,Black-bellied_Whistling-Duck
2022/5,Black-bellied_Whistling-Duck
2022/5,Black-bellied_Whistling-Duck
2022/5,Black-bellied_Whistling-Duck
2022/5,Black-bellied_Whistling-Duck
2022/5,Black-bellied_Whistling-Duck
2022/5,Black-bellied_Whistling-Duck
2022/5,Black-bellied_Whistling-Duck
2022/5,Black-bellied_Whistling-Duck
2022/5,Black-bellied_Whistling-Duck
2022/5,Black-bellied_Whistling-Duck
2022/5,Black-bellied_Whistling-Duck
2022/5,Black-bellied_Whistling-Duck
2022/5,Black-bellied_Whistling-Duck
2022/5,Black-bellied_Whistling-Duck
2022/5,Black-bellied_Whistling-Duck
2022/5,Black-bellied_Whistling-Duck
2022/5,Black-bellied_Whistling-Duck
2022/5,Black-bellied_Whistling-Duck
2022/5,Black-bellied_Whistling-Duck
2022/5,Black-bellied_Whistling-Duck
2022/5,Black-bellied_Whistling-Duck
2022/5,Black-bellied_Whistling-Duck
2022/5,Black-bellied_Whistling-Duck
2022/5,Black-bellied_Whistling-Duck
2022/5,Black-bellied_Whistling-Duck
2022/5,Black-bellied_Whistling-Duck
2022/5,Black-bellied_Whistling-Duck
2022/5,Black-bellied_Whistling-Duck
2022/5,Black-bellied_Whistling-Duck
2022/5,Black-bellied_Whistling-Duck
2022/5,Black-bellied_Whistling-Duck
2022/5,Black-bellied_Whistling-Duck
2022/5,Black-bellied_Whistling-Duck
2022/5,Black-bellied_Whistling-Duck
2022/5,Black-bellied_Whistling-Duck
2022/5,Black-bellied_Whistling-Duck
2022/5,Black-bellied_Whistling-Duck
2022/5,Black-bellied_Whistling-Duck
2021/6,Black-bellied_Whistling-Duck
2021/6,Black-bellied_Whistling-Duck
2021/6,Black-bellied_Whistling-Duck
2021/6,Black-bellied_Whistling-Duck
2021/6,Black-bellied_Whistling-Duck
2021/6,Black-bellied_Whistling-Duck
2021/6,Black-bellied_Whistling-Duck
2021/6,Black-bellied_Whistling-Duck
2021/6,Black-bellied_Whistling-Duck
2021/6,Black-bellied_Whistling-Duck
2021/6,Black-bellied_Whistling-Duck
2021/6,Black-bellied_Whistling-Duck
2021/6,Black-bellied_Whistling-Duck
2021/6,Black-bellied_Whistling-Duck
2021/6,Black-bellied_Whistling-Duck
2021/6,Black-bellied_Whistling-Duck
2021/6,Black-bellied_Whistling-Duck
2021/6,Black-bellied_Whistling-Duck
2021/6,Black-bellied_Whistling-Duck
2021/6,Black-bellied_Whistling-Duck
2021/6,Black-bellied_Whistling-Duck
2021/6,Black-bellied_Whistling-Duck
2021/6,Black-bellied_Whistling-Duck
2021/6,Black-bellied_Whistling-Duck
2021/6,Black-bellied_Whistling-Duck
2021/6,Black-bellied_Whistling-Duck
2021/6,Black-bellied_Whistling-Duck
2021/6,Black-bellied_Whistling-Duck
2021/6,Black-bellied_Whistling-Duck
2021/6,Black-bellied_Whistling-Duck
2021/6,Black-bellied_Whistling-Duck
2021/6,Black-bellied_Whistling-Duck
2021/6,Black-bellied_Whistling-Duck
2021/6,Black-bellied_Whistling-Duck
2021/6,Black-bellied_Whistling-Duck
2021/6,Black-bellied_Whistling-Duck
2021/6,Black-bellied_Whistling-Duck
2021/6,Black-bellied_Whistling-Duck
2021/6,Black-bellied_Whistling-Duck
2021/6,Black-bellied_Whistling-Duck
2021/6,Black-bellied_Whistling-Duck
2021/6,Black-bellied_Whistling-Duck
2021/6,Black-bellied_Whistling-Duck
2021/6,Black-bellied_Whistling-Duck
2021/6,Black-bellied_Whistling-Duck
2021/6,Black-bellied_Whistling-Duck
2021/6,Black-bellied_Whistling-Duck
2021/6,Black-bellied_Whistling-Duck
2021/6,Black-bellied_Whistling-Duck
2021/6,Black-bellied_Whistling-Duck
2021/6,Black-bellied_Whistling-Duck
2021/6,Black-bellied_Whistling-Duck
2021/6,Black-bellied_Whistling-Duck
2021/7,Black-bellied_Whistling-Duck
2021/7,Black-bellied_Whistling-Duck
2021/7,Black-bellied_Whistling-Duck
2021/7,Black-bellied_Whistling-Duck
2021/7,Black-bellied_Whistling-Duck
2021/7,Black-bellied_Whistling-Duck
2021/7,Black-bellied_Whistling-Duck
2021/7,Black-bellied_Whistling-Duck
2021/7,Black-bellied_Whistling-Duck
2021/7,Black-bellied_Whistling-Duck
2021/7,Black-bellied_Whistling-Duck
2021/7,Black-bellied_Whistling-Duck
2021/7,Black-bellied_Whistling-Duck
2021/7,Black-bellied_Whistling-Duck
2021/7,Black-bellied_Whistling-Duck
2021/7,Black-bellied_Whistling-Duck
2021/7,Black-bellied_Whistling-Duck
2021/7,Black-bellied_Whistling-Duck
2021/7,Black-bellied_Whistling-Duck
2021/7,Black-bellied_Whistling-Duck
2021/7,Black-bellied_Whistling-Duck
2021/7,Black-bellied_Whistling-Duck
2021/7,Black-bellied_Whistling-Duck
2021/7,Black-bellied_Whistling-Duck
2021/7,Black-bellied_Whistling-Duck
2021/7,Black-bellied_Whistling-Duck
2021/7,Black-bellied_Whistling-Duck
2021/7,Black-bellied_Whistling-Duck
2021/7,Black-bellied_Whistling-Duck
2021/8,Black-bellied_Whistling-Duck
2021/8,Black-bellied_Whistling-Duck
2021/8,Black-bellied_Whistling-Duck
2021/8,Black-bellied_Whistling-Duck
2021/8,Black-bellied_Whistling-Duck
2021/9,Black-bellied_Whistling-Duck
2021/9,Black-bellied_Whistling-Duck
2021/9,Black-bellied_Whistling-Duck
2021/9,Black-bellied_Whistling-Duck
2021/9,Black-bellied_Whistling-Duck
2021/9,Black-bellied_Whistling-Duck
2021/9,Black-bellied_Whistling-Duck
2021/9,Black-bellied_Whistling-Duck
2021/9,Black-bellied_Whistling-Duck
2021/9,Black-bellied_Whistling-Duck
2021/9,Black-bellied_Whistling-Duck
2021/9,Black-bellied_Whistling-Duck
2021/9,Black-bellied_Whistling-Duck
2021/9,Black-bellied_Whistling-Duck
2021/9,Black-bellied_Whistling-Duck
2021/9,Black-bellied_Whistling-Duck
2021/9,Black-bellied_Whistling-Duck
2021/9,Black-bellied_Whistling-Duck
2021/9,Black-bellied_Whistling-Duck
2021/9,Black-bellied_Whistling-Duck
2021/9,Black-bellied_Whistling-Duck
2021/9,Black-bellied_Whistling-Duck
2021/9,Black-bellied_Whistling-Duck
2021/9,Black-bellied_Whistling-Duck
2021/9,Black-bellied_Whistling-Duck
2021/9,Black-bellied_Whistling-Duck
2021/9,Black-bellied_Whistling-Duck
2021/9,Black-bellied_Whistling-Duck
2021/9,Black-bellied_Whistling-Duck
2021/9,Black-bellied_Whistling-Duck
2021/9,Black-bellied_Whistling-Duck
2021/9,Black-bellied_Whistling-Duck
2021/9,Black-bellied_Whistling-Duck
2021/10,Black-bellied_Whistling-Duck
2021/10,Black-bellied_Whistling-Duck
2021/10,Black-bellied_Whistling-Duck
2021/10,Black-bellied_Whistling-Duck
2021/10,Black-bellied_Whistling-Duck
2021/10,Black-bellied_Whistling-Duck
2021/10,Black-bellied_Whistling-Duck
2021/10,Black-bellied_Whistling-Duck
2021/10,Black-bellied_Whistling-Duck
2021/10,Black-bellied_Whistling-Duck
2021/10,Black-bellied_Whistling-Duck
2021/10,Black-bellied_Whistling-Duck
2021/10,Black-bellied_Whistling-Duck
2021/10,Black-bellied_Whistling-Duck
2021/10,Black-bellied_Whistling-Duck
2021/10,Black-bellied_Whistling-Duck
2021/10,Black-bellied_Whistling-Duck
2021/10,Black-bellied_Whistling-Duck
2021/10,Black-bellied_Whistling-Duck
2021/11,Black-bellied_Whistling-Duck
2021/11,Black-bellied_Whistling-Duck
2021/11,Black-bellied_Whistling-Duck
2021/11,Black-bellied_Whistling-Duck
2021/11,Black-bellied_Whistling-Duck
2021/11,Black-bellied_Whistling-Duck
2021/11,Black-bellied_Whistling-Duck
2021/11,Black-bellied_Whistling-Duck
2021/11,Black-bellied_Whistling-Duck
2021/11,Black-bellied_Whistling-Duck
2021/11,Black-bellied_Whistling-Duck
2021/12,Black-bellied_Whistling-Duck
2021/12,Black-bellied_Whistling-Duck
2021/12,Black-bellied_Whistling-Duck
2021/12,Black-bellied_Whistling-Duck
2021/12,Black-bellied_Whistling-Duck
2021/12,Black-bellied_Whistling-Duck
2021/12,Black-bellied_Whistling-Duck
2021/12,Black-bellied_Whistling-Duck
2021/12,Black-bellied_Whistling-Duck
2021/12,Black-bellied_Whistling-Duck
2021/12,Black-bellied_Whistling-Duck
2021/12,Green_Kingfisher
2021/12,Green_Kingfisher
2021/12,Green_Kingfisher
2021/12,Green_Kingfisher
2021/12,White-rumped_Monjita
2021/12,Turquoise-fronted_Parrot
2021/12,Turquoise-fronted_Parrot
2021/12,Turquoise-fronted_Parrot
2021/12,Turquoise-fronted_Parrot
2021/12,Turquoise-fronted_Parrot
2021/12,Turquoise-fronted_Parrot
2021/12,Turquoise-fronted_Parrot
2021/12,Turquoise-fronted_Parrot
2021/12,Turquoise-fronted_Parrot
2021/12,Turquoise-fronted_Parrot
2021/12,Turquoise-fronted_Parrot
2021/12,Turquoise-fronted_Parrot
2021/12,Turquoise-fronted_Parrot
2021/12,Turquoise-fronted_Parrot
2021/12,Turquoise-fronted_Parrot
2021/12,House_Sparrow
2021/12,House_Sparrow
2022/1,House_Sparrow
2022/1,House_Sparrow
2022/1,House_Sparrow
2022/1,House_Sparrow
2022/1,House_Sparrow
2022/1,House_Sparrow
2022/1,House_Sparrow
2022/1,House_Sparrow
2022/1,House_Sparrow
2022/1,House_Sparrow
2022/1,House_Sparrow
2022/1,House_Sparrow
2022/2,House_Sparrow
2022/2,House_Sparrow
2022/2,House_Sparrow
2022/2,House_Sparrow
2022/2,House_Sparrow
2022/2,House_Sparrow
2022/2,House_Sparrow
2022/2,House_Sparrow
2022/2,House_Sparrow
2022/2,House_Sparrow
2022/2,House_Sparrow
2022/2,House_Sparrow
2022/2,Chopi_Blackbird
2022/2,Muscovy_Duck
2022/2,Muscovy_Duck
2022/2,Nanday_Parakeet
2022/2,Nanday_Parakeet
2022/2,Nanday_Parakeet
2022/2,Nanday_Parakeet
2022/2,Nanday_Parakeet
2022/2,Nanday_Parakeet
2022/2,Nanday_Parakeet
2022/2,Nanday_Parakeet
2022/2,Nanday_Parakeet
2022/2,Nanday_Parakeet
2022/2,Nanday_Parakeet
2022/3,Yellow-chevroned_Parakeet
2022/3,Yellow-chevroned_Parakeet
2022/3,Yellow-chevroned_Parakeet
2022/3,Yellow-chevroned_Parakeet
2022/3,Yellow-chevroned_Parakeet
2022/3,Yellow-chevroned_Parakeet
2022/3,Yellow-chevroned_Parakeet
2022/3,Yellow-chevroned_Parakeet
2022/3,Yellow-chevroned_Parakeet
2022/4,Yellow-chevroned_Parakeet
2022/4,Yellow-chevroned_Parakeet
2022/4,Peach-fronted_Parakeet
2022/4,Peach-fronted_Parakeet
2022/4,Peach-fronted_Parakeet
2022/4,Peach-fronted_Parakeet
2022/4,White-backed_Stilt
2022/4,White_Woodpecker
2022/4,White_Woodpecker
2022/4,White_Woodpecker
2022/4,White_Woodpecker
2022/4,White_Woodpecker
2022/4,White_Woodpecker
2022/4,White_Woodpecker
2022/5,White_Woodpecker
2022/5,White_Woodpecker
2022/5,White_Woodpecker
2022/5,White_Woodpecker
2022/5,Campo_Flicker
2022/5,Campo_Flicker
2022/5,Campo_Flicker
2022/5,Campo_Flicker
2022/5,Campo_Flicker
2022/5,Campo_Flicker
2022/5,Campo_Flicker
2022/5,Campo_Flicker
2022/5,Campo_Flicker
2022/5,Campo_Flicker
2022/5,Campo_Flicker
2022/5,Campo_Flicker
2022/5,Campo_Flicker
2021/6,Campo_Flicker
2021/6,Campo_Flicker
2021/6,Campo_Flicker
2021/6,Campo_Flicker
2021/6,Silver-beaked_Tanager
2021/6,Silver-beaked_Tanager
2021/6,Silver-beaked_Tanager
2021/6,Silver-beaked_Tanager
2021/6,Silver-beaked_Tanager
2021/6,Silver-beaked_Tanager
2021/6,Picazuro_Pigeon
2021/6,Picazuro_Pigeon
2021/6,Picazuro_Pigeon
2021/6,Pale-vented_Pigeon
2021/6,Pale-vented_Pigeon
2021/6,Pale-vented_Pigeon
2021/6,Pale-vented_Pigeon
2021/6,Pale-vented_Pigeon
2021/6,Pale-vented_Pigeon
2021/6,Pale-vented_Pigeon
2021/6,Pale-vented_Pigeon
2021/6,Pale-vented_Pigeon
2021/6,Pale-vented_Pigeon
2021/6,Pale-vented_Pigeon
2021/6,Pale-vented_Pigeon
2021/6,Pale-vented_Pigeon
2021/6,Pale-vented_Pigeon
2021/6,Pale-vented_Pigeon
2021/6,Pale-vented_Pigeon
2021/6,Pale-vented_Pigeon
2021/6,Pale-vented_Pigeon
2021/6,Pale-vented_Pigeon
2021/6,Pale-vented_Pigeon
2021/6,Pale-vented_Pigeon
2021/6,Pale-vented_Pigeon
2021/6,Pale-vented_Pigeon
2021/6,Pale-vented_Pigeon
2021/6,Pale-vented_Pigeon
2021/6,Pale-vented_Pigeon
2021/6,Pale-vented_Pigeon
2021/6,Pale-vented_Pigeon
2021/6,Pale-vented_Pigeon
2021/6,Pale-vented_Pigeon
2021/6,Pale-vented_Pigeon
2021/6,Pale-vented_Pigeon
2021/6,Pale-vented_Pigeon
2021/6,Pale-vented_Pigeon
2021/6,Pale-vented_Pigeon
2021/6,Pale-vented_Pigeon
2021/6,Pale-vented_Pigeon
2021/6,Pale-vented_Pigeon
2021/6,Pale-vented_Pigeon
2021/6,Pale-vented_Pigeon
2021/6,Pale-vented_Pigeon
2021/7,Pale-vented_Pigeon
2021/7,Pale-vented_Pigeon
2021/7,Pale-vented_Pigeon
2021/7,Pale-vented_Pigeon
2021/7,Pale-vented_Pigeon
2021/7,Pale-vented_Pigeon
2021/7,Pale-vented_Pigeon
2021/7,Pale-vented_Pigeon
2021/7,Pale-vented_Pigeon
2021/7,Pale-vented_Pigeon
2021/7,Pale-vented_Pigeon
2021/7,Pale-vented_Pigeon
2021/7,Pale-vented_Pigeon
2021/7,Pale-vented_Pigeon
2021/7,Pale-vented_Pigeon
2021/7,Pale-vented_Pigeon
2021/7,Pale-vented_Pigeon
2021/7,Pale-vented_Pigeon
2021/7,Pale-vented_Pigeon
2021/7,Pale-vented_Pigeon
2021/7,Pale-vented_Pigeon
2021/7,Pale-vented_Pigeon
2021/7,Pale-vented_Pigeon
2021/7,Pale-vented_Pigeon
2021/7,Pale-vented_Pigeon
2021/7,Pale-vented_Pigeon
2021/7,Pale-vented_Pigeon
2021/7,Pale-vented_Pigeon
2021/7,Pale-vented_Pigeon
2021/7,Pale-vented_Pigeon
2021/7,Pale-vented_Pigeon
2021/7,Pale-vented_Pigeon
2021/7,Rock_Pigeon
2021/7,Rock_Pigeon
2021/7,Rock_Pigeon
2021/7,Rock_Pigeon
2021/7,Rock_Pigeon
2021/7,Rock_Pigeon
2021/7,Rock_Pigeon
2021/7,Rock_Pigeon
2021/7,Rock_Pigeon
2021/7,Rock_Pigeon
2021/8,Picazuro_Pigeon
2021/8,Pale-vented_Pigeon
2021/8,Vermilion_Flycatcher
2021/8,Vermilion_Flycatcher
2021/8,Vermilion_Flycatcher
2021/8,Vermilion_Flycatcher
2021/8,Vermilion_Flycatcher
2021/8,Vermilion_Flycatcher
2021/8,Vermilion_Flycatcher
2021/8,Vermilion_Flycatcher
2021/8,Vermilion_Flycatcher
2021/8,Vermilion_Flycatcher
2021/8,Vermilion_Flycatcher
2021/8,Vermilion_Flycatcher
2021/8,Vermilion_Flycatcher
2021/8,Vermilion_Flycatcher
2021/8,Vermilion_Flycatcher
2021/8,Vermilion_Flycatcher
2021/8,Vermilion_Flycatcher
2021/8,Vermilion_Flycatcher
2021/8,Vermilion_Flycatcher
2021/8,Vermilion_Flycatcher
2021/8,Vermilion_Flycatcher
2021/8,Vermilion_Flycatcher
2021/8,Vermilion_Flycatcher
2021/8,Southern_Lapwing
2021/8,Southern_Lapwing
2021/8,Southern_Lapwing
2021/8,Southern_Lapwing
2021/8,Southern_Lapwing
2021/8,Southern_Lapwing
2021/8,Southern_Lapwing
2021/8,Southern_Lapwing
2021/8,Southern_Lapwing
2021/8,Southern_Lapwing
2021/8,Southern_Lapwing
2021/8,Southern_Lapwing
2021/8,Southern_Lapwing
2021/8,Southern_Lapwing
2021/8,Southern_Lapwing
2021/8,Southern_Lapwing
2021/8,Southern_Lapwing
2021/8,Southern_Lapwing
2021/8,Southern_Lapwing
2021/9,Southern_Lapwing
2021/9,Southern_Lapwing
2021/9,Southern_Lapwing
2021/9,Southern_Lapwing
2021/9,Southern_Lapwing
2021/9,Southern_Lapwing
2021/9,Southern_Lapwing
2021/9,Southern_Lapwing
2021/9,Southern_Lapwing
2021/9,Southern_Lapwing
2021/9,Southern_Lapwing
2021/9,Southern_Lapwing
2021/9,Southern_Lapwing
2021/9,Southern_Lapwing
2021/9,Southern_Lapwing
2021/9,Southern_Lapwing
2021/9,Southern_Lapwing
2021/9,Southern_Lapwing
2021/9,Southern_Lapwing
2021/9,Southern_Lapwing
2021/9,Southern_Lapwing
2021/9,Southern_Lapwing
2021/9,Southern_Lapwing
2021/9,Southern_Lapwing
2021/9,Southern_Lapwing
2021/9,Southern_Lapwing
2021/9,Southern_Lapwing
2021/9,Southern_Lapwing
2021/9,Southern_Lapwing
2021/9,Southern_Lapwing
2021/9,Southern_Lapwing
2021/9,Southern_Lapwing
2021/9,Southern_Lapwing
2021/9,Southern_Lapwing
2021/9,Southern_Lapwing
2021/9,Southern_Lapwing
2021/9,Southern_Lapwing
2021/9,Southern_Lapwing
2021/9,Southern_Lapwing
2021/9,Southern_Lapwing
2021/9,Southern_Lapwing
2021/9,Southern_Lapwing
2021/9,Southern_Lapwing
2021/9,Southern_Lapwing
2021/9,Southern_Lapwing
2021/9,Southern_Lapwing
2021/9,Southern_Lapwing
2021/9,Southern_Lapwing
2021/9,Southern_Lapwing
2021/9,Southern_Lapwing
2021/9,Southern_Lapwing
2021/9,Southern_Lapwing
2021/9,Southern_Lapwing
2021/9,Southern_Lapwing
2021/9,Southern_Lapwing
2021/9,Southern_Lapwing
2021/9,Southern_Lapwing
2021/9,Southern_Lapwing
2021/9,Southern_Lapwing
2021/9,Southern_Lapwing
2021/9,Southern_Lapwing
2021/9,Southern_Lapwing
2021/9,Southern_Lapwing
2021/9,Southern_Lapwing
2021/9,Southern_Lapwing
2021/9,Southern_Lapwing
2021/9,Southern_Lapwing
2021/9,Southern_Lapwing
2021/9,Southern_Lapwing
2021/10,Southern_Lapwing
2021/10,Southern_Lapwing
2021/10,Southern_Lapwing
2021/10,Southern_Lapwing
2021/10,Southern_Lapwing
2021/10,Southern_Lapwing
2021/10,Southern_Lapwing
2021/10,Southern_Lapwing
2021/10,Southern_Lapwing
2021/10,Southern_Lapwing
2021/10,Southern_Lapwing
2021/10,Southern_Lapwing
2021/10,Southern_Lapwing
2021/10,Southern_Lapwing
2021/10,Southern_Lapwing
2021/10,Southern_Lapwing
2021/10,Southern_Lapwing
2021/10,Southern_Lapwing
2021/10,Southern_Lapwing
2021/10,Southern_Lapwing
2021/10,Southern_Lapwing
2021/10,Southern_Lapwing
2021/10,Southern_Lapwing
2021/10,Southern_Lapwing
2021/10,Southern_Lapwing
2021/10,Southern_Lapwing
2021/10,Southern_Lapwing
2021/10,Southern_Lapwing
2021/10,Southern_Lapwing
2021/10,Southern_Lapwing
2021/10,Southern_Lapwing
2021/10,Southern_Lapwing
2021/10,Southern_Lapwing
2021/10,Southern_Lapwing
2021/10,Southern_Lapwing
2021/10,Southern_Lapwing
2021/10,Southern_Lapwing
2021/10,Southern_Lapwing
2021/10,Southern_Lapwing
2021/10,Southern_Lapwing
2021/10,Southern_Lapwing
2021/10,Southern_Lapwing
2021/10,Southern_Lapwing
2021/10,Southern_Lapwing
2021/10,Southern_Lapwing
2021/11,Southern_Lapwing
2021/11,Southern_Lapwing
2021/11,Southern_Lapwing
2021/11,Southern_Lapwing
2021/11,Southern_Lapwing
2021/11,Southern_Lapwing
2021/11,Southern_Lapwing
2021/11,Southern_Lapwing
2021/11,Southern_Lapwing
2021/11,Southern_Lapwing
2021/11,Southern_Lapwing
2021/11,Southern_Lapwing
2021/11,Southern_Lapwing
2021/11,Southern_Lapwing
2021/11,Southern_Lapwing
2021/11,Southern_Lapwing
2021/11,Southern_Lapwing
2021/11,Southern_Lapwing
2021/11,Southern_Lapwing
2021/11,Southern_Lapwing
2021/11,Southern_Lapwing
2021/11,Southern_Lapwing
2021/11,Southern_Lapwing
2021/11,Southern_Lapwing
2021/11,Southern_Lapwing
2021/11,Southern_Lapwing
2021/11,Southern_Lapwing
2021/11,Southern_Lapwing
2021/11,Southern_Lapwing
2021/11,Southern_Lapwing
2021/11,Southern_Lapwing
2021/12,Southern_Lapwing
2021/12,Southern_Lapwing
2021/12,Southern_Lapwing
2021/12,Southern_Lapwing
2021/12,Southern_Lapwing
2021/12,Southern_Lapwing
2021/12,Southern_Lapwing
2021/12,Southern_Lapwing
2021/12,Southern_Lapwing
2021/12,Southern_Lapwing
2021/12,Southern_Lapwing
2021/12,Southern_Lapwing
2021/12,Southern_Lapwing
2021/12,Southern_Lapwing
2021/12,Southern_Lapwing
2021/12,Southern_Lapwing
2021/12,Southern_Lapwing
2021/12,Southern_Lapwing
2021/12,Southern_Lapwing
2021/12,Southern_Lapwing
2021/12,Southern_Lapwing
2021/12,Southern_Lapwing
2021/12,Southern_Lapwing
2021/12,Southern_Lapwing
2021/12,Southern_Lapwing
2021/12,Southern_Lapwing
2021/12,Southern_Lapwing
2021/12,Southern_Lapwing
2021/12,Southern_Lapwing
2021/12,Southern_Lapwing
2021/12,Southern_Lapwing
2021/12,Southern_Lapwing
2021/12,Scaled_Dove
2021/12,Scaled_Dove
2021/12,Scaled_Dove
2021/12,Scaled_Dove
2021/12,Scaled_Dove
2021/12,Scaled_Dove
2021/12,Scaled_Dove
2021/12,Scaled_Dove
2021/12,Scaled_Dove
2021/12,Scaled_Dove
2021/12,Scaled_Dove
2021/12,Scaled_Dove
2021/12,Scaled_Dove
2021/12,Scaled_Dove
2021/12,Scaled_Dove
2021/12,Scaled_Dove
2021/12,Scaled_Dove
2021/12,Scaled_Dove
2021/12,Scaled_Dove
2021/12,Scaled_Dove
2021/12,Scaled_Dove
2021/12,Scaled_Dove
2021/12,Scaled_Dove
2021/12,Scaled_Dove
2021/12,Scaled_Dove
2021/12,Scaled_Dove
2022/1,Scaled_Dove
2022/1,Scaled_Dove
2022/1,Scaled_Dove
2022/1,Scaled_Dove
2022/1,Scaled_Dove
2022/1,Scaled_Dove
2022/1,Picui_Ground-Dove
2022/1,Ruddy_Ground-Dove
2022/1,Ruddy_Ground-Dove
2022/1,Ruddy_Ground-Dove
2022/1,Ruddy_Ground-Dove
2022/1,Ruddy_Ground-Dove
2022/1,Ruddy_Ground-Dove
2022/1,Ruddy_Ground-Dove
2022/1,Ruddy_Ground-Dove
2022/1,Ruddy_Ground-Dove
2022/1,Ruddy_Ground-Dove
2022/1,Ruddy_Ground-Dove
2022/1,Ruddy_Ground-Dove
2022/1,Ruddy_Ground-Dove
2022/1,Ruddy_Ground-Dove
2022/1,Ruddy_Ground-Dove
2022/2,Ruddy_Ground-Dove
2022/2,Ruddy_Ground-Dove
2022/2,Ruddy_Ground-Dove
2022/2,Ruddy_Ground-Dove
2022/2,Ruddy_Ground-Dove
2022/2,Ruddy_Ground-Dove
2022/2,Ruddy_Ground-Dove
2022/2,Ruddy_Ground-Dove
2022/2,Ruddy_Ground-Dove
2022/2,Ruddy_Ground-Dove
2022/2,Ruddy_Ground-Dove
2022/2,Ruddy_Ground-Dove
2022/2,Ruddy_Ground-Dove
2022/2,Ruddy_Ground-Dove
2022/2,Ruddy_Ground-Dove
2022/2,Ruddy_Ground-Dove
2022/2,Ruddy_Ground-Dove
2022/3,Ruddy_Ground-Dove
2022/3,Ruddy_Ground-Dove
2022/3,Ruddy_Ground-Dove
2022/3,Ruddy_Ground-Dove
2022/3,Ruddy_Ground-Dove
2022/3,Ruddy_Ground-Dove
2022/3,Ruddy_Ground-Dove
2022/3,Ruddy_Ground-Dove
2022/3,Ruddy_Ground-Dove
2022/3,Ruddy_Ground-Dove
2022/3,Ruddy_Ground-Dove
2022/3,Ruddy_Ground-Dove
2022/3,Ruddy_Ground-Dove
2022/3,Ruddy_Ground-Dove
2022/3,Ruddy_Ground-Dove
2022/3,Ruddy_Ground-Dove
2022/3,Ruddy_Ground-Dove
2022/3,Ruddy_Ground-Dove
2022/3,Ruddy_Ground-Dove
2022/3,Ruddy_Ground-Dove
2022/3,Ruddy_Ground-Dove
2022/3,Ruddy_Ground-Dove
2022/3,Ruddy_Ground-Dove
2022/3,Ruddy_Ground-Dove
2022/3,Ruddy_Ground-Dove
2022/3,Ruddy_Ground-Dove
2022/3,Ruddy_Ground-Dove
2022/3,Ruddy_Ground-Dove
2022/3,Ruddy_Ground-Dove
2022/3,Ruddy_Ground-Dove
2022/3,Ruddy_Ground-Dove
2022/3,Long-tailed-Ground-Dove
2022/3,Scaled_Dove
2022/3,Scaled_Dove
2022/3,Scaled_Dove
2022/3,Scaled_Dove
2022/3,Scaled_Dove
2022/3,Scaled_Dove
2022/4,Scaled_Dove
2022/4,Scaled_Dove
2022/4,Chalk-browed_Mockingbird
2022/4,Eastern_Slaty_Thrush
2022/4,Eastern_Slaty_Thrush
2022/4,Eastern_Slaty_Thrush
2022/4,Eastern_Slaty_Thrush
2022/4,Eastern_Slaty_Thrush
2022/4,Eastern_Slaty_Thrush
2022/4,Eastern_Slaty_Thrush
2022/4,Eastern_Slaty_Thrush
2022/4,Eastern_Slaty_Thrush
2022/4,Eastern_Slaty_Thrush
2022/4,Eastern_Slaty_Thrush
2022/4,Eastern_Slaty_Thrush
2022/4,Eastern_Slaty_Thrush
2022/4,Eastern_Slaty_Thrush
2022/4,Eastern_Slaty_Thrush
2022/4,Eastern_Slaty_Thrush
2022/4,Eastern_Slaty_Thrush
2022/4,Eastern_Slaty_Thrush
2022/4,Eastern_Slaty_Thrush
2022/5,Eastern_Slaty_Thrush
2022/5,Eastern_Slaty_Thrush
2022/5,Eastern_Slaty_Thrush
2022/5,Eastern_Slaty_Thrush
2022/5,Eastern_Slaty_Thrush
2022/5,Eastern_Slaty_Thrush
2022/5,Eastern_Slaty_Thrush
2022/5,Eastern_Slaty_Thrush
2022/5,Eastern_Slaty_Thrush
2022/5,Eastern_Slaty_Thrush
2022/5,Eastern_Slaty_Thrush
2022/5,Eastern_Slaty_Thrush
2022/5,Eastern_Slaty_Thrush
2022/5,Eastern_Slaty_Thrush
2022/5,Eastern_Slaty_Thrush
2022/5,Eastern_Slaty_Thrush
2022/5,Eastern_Slaty_Thrush
2022/5,Eastern_Slaty_Thrush
2022/5,Eastern_Slaty_Thrush
2022/5,Eastern_Slaty_Thrush
2022/5,Eastern_Slaty_Thrush
2022/5,Eastern_Slaty_Thrush
2022/5,Eastern_Slaty_Thrush
2022/5,Eastern_Slaty_Thrush
2022/5,Eastern_Slaty_Thrush
2022/5,Eastern_Slaty_Thrush
2022/5,Eastern_Slaty_Thrush
2022/5,Eastern_Slaty_Thrush
2022/5,Eastern_Slaty_Thrush
2022/5,Eastern_Slaty_Thrush
2022/5,Eastern_Slaty_Thrush
2022/5,Eastern_Slaty_Thrush
2022/5,Eastern_Slaty_Thrush
2022/5,Eastern_Slaty_Thrush
2022/5,Eastern_Slaty_Thrush
2022/5,Eastern_Slaty_Thrush
2022/5,Eastern_Slaty_Thrush
2022/5,Eastern_Slaty_Thrush
2022/5,Eastern_Slaty_Thrush
2022/5,Eastern_Slaty_Thrush
2022/5,Eastern_Slaty_Thrush
2022/5,Eastern_Slaty_Thrush
2022/5,Eastern_Slaty_Thrush
2022/5,Eastern_Slaty_Thrush
2022/5,Eastern_Slaty_Thrush
2022/5,Eastern_Slaty_Thrush
2021/6,Eastern_Slaty_Thrush
2021/6,Eastern_Slaty_Thrush
2021/6,Eastern_Slaty_Thrush
2021/6,Eastern_Slaty_Thrush
2021/6,Eastern_Slaty_Thrush
2021/6,Eastern_Slaty_Thrush
2021/6,Eastern_Slaty_Thrush
2021/6,Eastern_Slaty_Thrush
2021/6,Eastern_Slaty_Thrush
2021/6,Eastern_Slaty_Thrush
2021/6,Eastern_Slaty_Thrush
2021/6,Eastern_Slaty_Thrush
2021/6,Eastern_Slaty_Thrush
2021/6,Eastern_Slaty_Thrush
2021/6,Eastern_Slaty_Thrush
2021/6,Eastern_Slaty_Thrush
2021/6,Eastern_Slaty_Thrush
2021/6,Eastern_Slaty_Thrush
2021/6,Eastern_Slaty_Thrush
2021/6,Eastern_Slaty_Thrush
2021/6,Eastern_Slaty_Thrush
2021/6,Eastern_Slaty_Thrush
2021/6,Eastern_Slaty_Thrush
2021/6,Eastern_Slaty_Thrush
2021/6,Eastern_Slaty_Thrush
2021/6,Eastern_Slaty_Thrush
2021/6,Eastern_Slaty_Thrush
2021/6,Eastern_Slaty_Thrush
2021/6,Eastern_Slaty_Thrush
2021/6,Eastern_Slaty_Thrush
2021/6,Eastern_Slaty_Thrush
2021/6,Eastern_Slaty_Thrush
2021/6,Eastern_Slaty_Thrush
2021/6,Eastern_Slaty_Thrush
2021/6,Eastern_Slaty_Thrush
2021/6,Eastern_Slaty_Thrush
2021/6,Eastern_Slaty_Thrush
2021/6,Eastern_Slaty_Thrush
2021/6,Eastern_Slaty_Thrush
2021/6,Eastern_Slaty_Thrush
2021/6,Eastern_Slaty_Thrush
2021/6,Eastern_Slaty_Thrush
2021/6,Eastern_Slaty_Thrush
2021/6,Eastern_Slaty_Thrush
2021/6,Eastern_Slaty_Thrush
2021/6,Eastern_Slaty_Thrush
2021/6,Eastern_Slaty_Thrush
2021/6,Eastern_Slaty_Thrush
2021/6,Eastern_Slaty_Thrush
2021/6,Eastern_Slaty_Thrush
2021/6,Eastern_Slaty_Thrush
2021/6,Eastern_Slaty_Thrush
2021/6,Eastern_Slaty_Thrush
2021/6,Eastern_Slaty_Thrush
2021/6,Eastern_Slaty_Thrush
2021/6,Eastern_Slaty_Thrush
2021/6,Eastern_Slaty_Thrush
2021/6,Eastern_Slaty_Thrush
2021/6,Eastern_Slaty_Thrush
2021/6,Eastern_Slaty_Thrush
2021/6,Eastern_Slaty_Thrush
2021/7,Eastern_Slaty_Thrush
2021/7,Eastern_Slaty_Thrush
2021/7,Eastern_Slaty_Thrush
2021/7,Eastern_Slaty_Thrush
2021/7,Eastern_Slaty_Thrush
2021/7,Eastern_Slaty_Thrush
2021/7,Eastern_Slaty_Thrush
2021/7,Eastern_Slaty_Thrush
2021/7,Eastern_Slaty_Thrush
2021/7,Eastern_Slaty_Thrush
2021/7,Eastern_Slaty_Thrush
2021/7,Eastern_Slaty_Thrush
2021/7,Eastern_Slaty_Thrush
2021/7,Eastern_Slaty_Thrush
2021/7,Sayaca_Tanager
2021/7,Sayaca_Tanager
2021/7,Sayaca_Tanager
2021/7,Sayaca_Tanager
2021/7,Sayaca_Tanager
2021/7,Sayaca_Tanager
2021/7,Sayaca_Tanager
2021/7,Sayaca_Tanager
2021/7,Sayaca_Tanager
2021/7,Sayaca_Tanager
2021/7,Sayaca_Tanager
2021/7,Sayaca_Tanager
2021/7,Sayaca_Tanager
2021/7,Sayaca_Tanager
2021/7,Sayaca_Tanager
2021/7,Sayaca_Tanager
2021/7,Sayaca_Tanager
2021/7,Eastern_Slaty_Thrush
2021/7,Eastern_Slaty_Thrush
2021/7,Sayaca_Tanager
2021/7,Sayaca_Tanager
2021/7,Sayaca_Tanager
2021/7,Sayaca_Tanager
2021/7,Sayaca_Tanager
2021/7,Sayaca_Tanager
2021/7,Sayaca_Tanager
2021/7,Sayaca_Tanager
2021/7,Sayaca_Tanager
2021/7,Sayaca_Tanager
2021/7,Sayaca_Tanager
2021/7,Sayaca_Tanager
2021/7,Sayaca_Tanager
2021/7,Sayaca_Tanager
2021/7,Sayaca_Tanager
2021/7,Red-legged_Seriema
2021/7,Red-legged_Seriema
2021/7,Rufescent_Tiger-Heron
2021/7,Rufescent_Tiger-Heron
2021/7,Rufescent_Tiger-Heron
2021/7,Rufescent_Tiger-Heron
2021/7,Rufescent_Tiger-Heron
2021/7,Rufescent_Tiger-Heron
2021/7,Rufescent_Tiger-Heron
2021/7,Rufescent_Tiger-Heron
2021/7,Rufescent_Tiger-Heron
2021/7,Rufescent_Tiger-Heron
2021/7,Rufescent_Tiger-Heron
2021/8,Rufescent_Tiger-Heron
2021/8,Rufescent_Tiger-Heron
2021/8,Rufescent_Tiger-Heron
2021/8,Rufescent_Tiger-Heron
2021/8,Rufescent_Tiger-Heron
2021/8,Rufescent_Tiger-Heron
2021/8,Rufescent_Tiger-Heron
2021/8,Rufescent_Tiger-Heron
2021/8,Rufescent_Tiger-Heron
2021/8,Rufescent_Tiger-Heron
2021/8,Rufescent_Tiger-Heron
2021/8,Rufescent_Tiger-Heron
2021/8,Rufescent_Tiger-Heron
2021/8,Rufescent_Tiger-Heron
2021/8,Rufescent_Tiger-Heron
2021/8,Rufescent_Tiger-Heron
2021/8,Rufescent_Tiger-Heron
2021/8,Rufescent_Tiger-Heron
2021/8,Rufescent_Tiger-Heron
2021/8,Cattle_Tyrant
2021/8,Cattle_Tyrant
2021/8,Cattle_Tyrant
2021/9,Cattle_Tyrant
2021/9,Cattle_Tyrant
2021/9,Cattle_Tyrant
2021/9,Cattle_Tyrant
2021/9,Cattle_Tyrant
2021/9,Cattle_Tyrant
2021/9,Cattle_Tyrant
2021/9,Cattle_Tyrant
2021/9,Cattle_Tyrant
2021/9,Cattle_Tyrant
2021/9,Cattle_Tyrant
2021/9,Cattle_Tyrant
2021/9,Cattle_Tyrant
2021/9,Cattle_Tyrant
2021/9,Cattle_Tyrant
2021/9,Cattle_Tyrant
2021/9,Cattle_Tyrant
2021/9,Cattle_Tyrant
2021/9,Cattle_Tyrant
2021/9,Cattle_Tyrant
2021/9,Cattle_Tyrant
2021/9,Cattle_Tyrant
2021/9,Cattle_Tyrant
2021/9,Cattle_Tyrant
2021/9,Cattle_Tyrant
2021/9,Cattle_Tyrant
2021/9,Cattle_Tyrant
2021/9,Cattle_Tyrant
2021/9,Cattle_Tyrant
2021/9,Cattle_Tyrant
2021/9,Cattle_Tyrant
2021/9,Cattle_Tyrant
2021/9,Cattle_Tyrant
2021/9,Cattle_Tyrant
2021/9,Cattle_Tyrant
2021/9,Cattle_Tyrant
2021/9,Cattle_Tyrant
2021/9,Cattle_Tyrant
2021/9,Cattle_Tyrant
2021/9,Blue-crowned_Trogon
2021/9,Blue-crowned_Trogon
2021/9,Southern_Screamer
2021/9,Southern_Screamer
2021/9,Southern_Screamer
2021/9,Southern_Screamer
2021/9,Southern_Screamer
2021/9,Southern_Screamer
2021/9,Southern_Screamer
2021/9,Southern_Screamer
2021/9,Southern_Screamer
2021/9,Southern_Screamer
2021/9,Southern_Screamer
2021/9,Southern_Screamer
2021/9,Southern_Screamer
2021/9,Southern_Screamer
2021/10,Southern_Screamer
2021/10,Southern_Screamer
2021/10,Southern_Screamer
2021/10,Southern_Screamer
2021/10,Southern_Screamer
2021/10,Southern_Screamer
2021/10,Southern_Screamer
2021/10,Southern_Screamer
2021/10,Southern_Screamer
2021/10,Southern_Screamer
2021/10,Southern_Screamer
2021/10,Southern_Screamer
2021/10,Southern_Screamer
2021/10,Southern_Screamer
2021/10,Southern_Screamer
2021/10,Southern_Screamer
2021/10,Southern_Screamer
2021/10,Southern_Screamer
2021/10,Southern_Screamer
2021/10,Southern_Screamer
2021/11,Southern_Screamer
2021/11,Southern_Screamer
2021/11,Southern_Screamer
2021/11,Southern_Screamer
2021/11,Southern_Screamer
2021/11,Southern_Screamer
2021/11,Southern_Screamer
2021/11,Southern_Screamer
2021/11,Southern_Screamer
2021/11,Southern_Screamer
2021/11,Southern_Screamer
2021/11,Southern_Screamer
2021/11,Southern_Screamer
2021/11,Southern_Screamer
2021/11,Southern_Screamer
2021/11,Southern_Screamer
2021/11,Southern_Screamer
2021/11,Southern_Screamer
2021/11,Southern_Screamer
2021/11,Southern_Screamer
2021/11,Anteater_flag
2021/11,Bare-faced_Ibis
2021/11,Bare-faced_Ibis
2021/11,Bare-faced_Ibis
2021/12,Bare-faced_Ibis
2021/12,Bare-faced_Ibis
2021/12,Bare-faced_Ibis
2021/12,Bare-faced_Ibis
2021/12,Bare-faced_Ibis
2021/12,Bare-faced_Ibis
2021/12,Bare-faced_Ibis
2021/12,Bare-faced_Ibis
2021/12,Bare-faced_Ibis
2021/12,Bare-faced_Ibis
2021/12,Bare-faced_Ibis
2021/12,Bare-faced_Ibis
2021/12,Bare-faced_Ibis
2021/12,Bare-faced_Ibis
2021/12,Bare-faced_Ibis
2021/12,Bare-faced_Ibis
2021/12,Bare-faced_Ibis
2021/12,Bare-faced_Ibis
2021/12,Bare-faced_Ibis
2021/12,Bare-faced_Ibis
2021/12,Bare-faced_Ibis
2021/12,Bare-faced_Ibis
2021/12,Bare-faced_Ibis
2021/12,Bare-faced_Ibis
2021/12,Bare-faced_Ibis
2021/12,Bare-faced_Ibis
2021/12,Bare-faced_Ibis
2021/12,Bare-faced_Ibis
2021/12,Bare-faced_Ibis
2021/12,Bare-faced_Ibis
2021/12,Bare-faced_Ibis
2021/12,Bare-faced_Ibis
2021/12,Bare-faced_Ibis
2021/12,Bare-faced_Ibis
2021/12,Bare-faced_Ibis
2021/12,Bare-faced_Ibis
2021/12,Bare-faced_Ibis
2021/12,Bare-faced_Ibis
2021/12,Bare-faced_Ibis
2022/1,Bare-faced_Ibis
2022/1,Bare-faced_Ibis
2022/1,Bare-faced_Ibis
2022/1,Bare-faced_Ibis
2022/1,Southern_Fork-tailed_Flycatcher
2022/1,Toco_Toucan
2022/1,Toco_Toucan
2022/1,Toco_Toucan
2022/1,Toco_Toucan
2022/1,Toco_Toucan
2022/1,Toco_Toucan
2022/2,Toco_Toucan
2022/2,Toco_Toucan
2022/2,Toco_Toucan
2022/2,Toco_Toucan
2022/2,Toco_Toucan
2022/2,Toco_Toucan
2022/2,Toco_Toucan
2022/2,Toco_Toucan
2022/2,Toco_Toucan
2022/2,Toco_Toucan
2022/2,Toco_Toucan
2022/2,Toco_Toucan
2022/2,Toco_Toucan
2022/2,Toco_Toucan
2022/2,Toco_Toucan
2022/2,Toco_Toucan
2022/2,Toco_Toucan
2022/2,Toco_Toucan
2022/2,Toco_Toucan
2022/2,Toco_Toucan
2022/2,Toco_Toucan
2022/2,Toco_Toucan
2022/2,Toco_Toucan
2022/2,Toco_Toucan
2022/2,Toco_Toucan
2022/2,Toco_Toucan
2022/2,Toco_Toucan
2022/2,Toco_Toucan
2022/2,Toco_Toucan
2022/3,Toco_Toucan
2022/3,Toco_Toucan
2022/3,Toco_Toucan
2022/3,Toco_Toucan
2022/3,Toco_Toucan
2022/3,Toco_Toucan
2022/3,Toco_Toucan
2022/3,Toco_Toucan
2022/3,Toco_Toucan
2022/3,Toco_Toucan
2022/3,Toco_Toucan
2022/3,Toco_Toucan
2022/3,Toco_Toucan
2022/3,Toco_Toucan
2022/3,Toco_Toucan
2022/3,Blue-winged_Parrotlet
2022/3,Turkey_Vulture
2022/3,Turkey_Vulture
2022/3,Turkey_Vulture
2022/3,Turkey_Vulture
2022/3,Turkey_Vulture
2022/4,Turkey_Vulture
2022/4,Turkey_Vulture
2022/4,Turkey_Vulture
2022/4,Turkey_Vulture
2022/4,Turkey_Vulture
2022/4,Turkey_Vulture
2022/4,Turkey_Vulture
2022/4,Turkey_Vulture
2022/4,Turkey_Vulture
2022/4,Turkey_Vulture
2022/4,Black_Vulture
2022/4,Black_Vulture
2022/4,Black_Vulture
2022/4,Black_Vulture
2022/4,Black_Vulture
2022/4,Black_Vulture
2022/4,Black_Vulture
2022/4,Black_Vulture
2022/4,Black_Vulture
2022/4,Black_Vulture
2022/4,Black_Vulture
2022/4,Black_Vulture
2022/4,Black_Vulture
2022/4,Black_Vulture
2022/4,Black_Vulture
2022/4,Black_Vulture
2022/4,Black_Vulture
2022/4,Black_Vulture
2022/4,Black_Vulture
2022/4,Black_Vulture
2022/4,Black_Vulture
2022/4,Black_Vulture
2022/4,Black_Vulture
2022/4,Black_Vulture
2022/4,Black_Vulture
2022/4,Black_Vulture
2022/4,Black_Vulture
2022/5,Black_Vulture
2022/5,Black_Vulture
2022/5,Black_Vulture
2022/5,Black_Vulture
2022/5,Black_Vulture
2022/5,Black_Vulture
2022/5,Black_Vulture
2022/5,Black_Vulture
2022/5,Black_Vulture
2022/5,Black_Vulture
2022/5,Black_Vulture
2022/5,Black_Vulture
2022/5,Black_Vulture
2021/6,Black_Vulture
2021/6,Black_Vulture
2021/6,Black_Vulture
2021/6,Black_Vulture
2021/6,Black_Vulture
2021/6,Black_Vulture
2021/6,Black_Vulture
2021/6,Black_Vulture
2021/6,Black_Vulture
2021/6,Black_Vulture
2021/6,Black_Vulture
2021/6,Black_Vulture
2021/6,Black_Vulture
2021/6,Black_Vulture
2021/6,Black_Vulture
2021/6,Black_Vulture
2021/6,Black_Vulture
2021/6,Black_Vulture
2021/6,Black_Vulture
